Artist,Album,Generated Date,Scott Rating,Matt Rating,Dave Rating,John rating
Sly & The Family Stone,Stand!,25/03/2021,3,2,3,3
Dexys Midnight Runners,Searching For The Young Soul Rebels,28/03/2021,4,3,4,4
Femi Kuti,Femi Kuti,29/03/2021,1,1,2,2
The Black Crowes,Shake Your Money Maker,30/03/2021,3,2,4,3
The Smashing Pumpkins,Siamese Dream,31/03/2021,2,4,4,4
Nitin Sawhney,Beyond Skin,01/04/2021,1,1,2,2
10cc,Sheet Music,04/04/2021,1,1,3,3
Charles Mingus,The Black Saint And The Sinner Lady,05/04/2021,1,1,2,2
fIREHOSE,Fromohio,06/04/2021,2,1,2,4
Devendra Banhart,Rejoicing In The Hands,07/04/2021,2,1,3,2
Metallica,S&M,08/04/2021,2,1,4,3
TV On The Radio,Dear Science,11/04/2021,3,1,4,5
Eagles,Hotel California,12/04/2021,3,3,4,3
Beatles,The White Album,13/04/2021,4,4,5,5
Jamiroquai,Emergency On Planet Earth,14/04/2021,1,1,2,3
PJ Harvey,Dry,15/04/2021,4,4,4,5
Le Tigre,Le Tigre,18/04/2021,2,1,2,3
Bob Marley & The Wailers,Natty Dread,19/04/2021,4,2,4,4
The Who,Who's Next,20/04/2021,3,1,3,3
Wilco,Being There,21/04/2021,2,1,2,3
Siouxsie And The Banshees,The Scream,22/04/2021,3,3,3,3
Roxy Music,For Your Pleasure,25/04/2021,1,1,2,4
Steely Dan,Aja,26/04/2021,2,1,3,2
Kate Bush,Hounds Of Love,27/04/2021,3,4,4,4
The Incredible String Band,The Hangman's Beautiful Daughter,28/04/2021,1,1,1,1
The Go-Go's,Beauty And The Beat,29/04/2021,4,4,4,5
Elvis Costello,My Aim Is True,02/05/2021,3,3,3,3
The Monks,Black Monk Time,03/05/2021,1,1,3,4
Q-Tip,The Renaissance,04/05/2021,1,2,3,3
The Jam,All Mod Cons,05/05/2021,4,1,4,5
Patti Smith,Horses,06/05/2021,3,2,5,5
Underworld,Second Toughest In The Infants,09/05/2021,2,3,3,3
The Auteurs,New Wave,10/05/2021,2,1,3,3
John Zorn,Spy Vs. Spy: The Music Of Ornette Coleman,11/05/2021,1,1,1,1
Gary Numan,The Pleasure Principle,12/05/2021,2,4,3,4
Tori Amos,Little Earthquakes,13/05/2021,3,1,4,3
Stevie Wonder,Songs In The Key Of Life,16/05/2021,4,3,4,5
Harry Nilsson,Nilsson Schmilsson,17/05/2021,2,2,3,4
The Waterboys,Fisherman's Blues,18/05/2021,2,3,2,3
Drive Like Jehu,Yank Crime,19/05/2021,1,1,1,2
Coldplay,Parachutes,20/05/2021,3,1,3,3
D'Angelo,Brown Sugar,23/05/2021,1,1,1,2
Carpenters,Close To You,24/05/2021,2,3,3,4
The Fall,The Infotainment Scan,25/05/2021,2,3,3,4
Neneh Cherry,Raw Like Sushi,26/05/2021,3,2,3,3
Simon & Garfunkel,Bookends,27/05/2021,3,2,4,3
Ali Farka Touré,Savane,30/05/2021,1,1,3,3
Serge Gainsbourg,Histoire De Melody Nelson,31/05/2021,2,1,2,5
Fishbone,Truth And Soul,01/06/2021,1,1,3,3
James Brown,James Brown Live At The Apollo,02/06/2021,2,1,4,4
Rush,Moving Pictures,03/06/2021,1,1,3,2
LCD Soundsystem,Sound of Silver,06/06/2021,4,5,4,5
CHIC,Risque,07/06/2021,2,1,3,4
Pet Shop Boys,Very,08/06/2021,3,3,4,4
Spiritualized,Lazer Guided Melodies,09/06/2021,4,5,4,5
Adam & The Ants,Kings Of The Wild Frontier,10/06/2021,3,1,2,2
The Pharcyde,Bizarre Ride II The Pharcyde,13/06/2021,2,1,3,2
David Bowie,Station To Station,14/06/2021,3,2,4,5
Foo Fighters,Foo Fighters,15/06/2021,3,2,4,3
Isaac Hayes,Hot Buttered Soul,16/06/2021,3,1,4,5
Erykah Badu,Mama's Gun,17/06/2021,1,2,4,3
Rufus Wainwright,Want Two,20/06/2021,3,2,2,2
Devo,Q: Are We Not Men? A: We Are Devo,21/06/2021,1,1,3,3
Shack,Hms Fable,22/06/2021,3,1,2,3
Sinead O'Connor,I Do Not Want What I Haven't Got,23/06/2021,3,3,3,4
Lou Reed,Transformer,24/06/2021,5,3,5,5
Simon & Garfunkel,"Parsley, Sage, Rosemary And Thyme",27/06/2021,3,2,3,2
Bon Jovi,Slippery When Wet,28/06/2021,2,1,4,2
Incredible Bongo Band,Bongo Rock,29/06/2021,1,2,3,3
Sade,Diamond Life,30/06/2021,1,1,2,2
The Rolling Stones,Exile On Main Street,01/07/2021,4,2,4,5
Stereo MC's,Connected,04/07/2021,2,2,3,3
Brian Eno,Another Green World,05/07/2021,2,4,3,5
Dizzee Rascal,Boy In Da Corner,06/07/2021,1,2,2,2
Echo And The Bunnymen,Ocean Rain,07/07/2021,2,1,2,3
The Jam,Sound Affects,08/07/2021,4,3,4,5
Oasis,Definitely Maybe,11/07/2021,5,1,5,4
Mylo,Destroy Rock & Roll,12/07/2021,2,2,3,3
Elvis Costello & The Attractions,Armed Forces,13/07/2021,3,1,2,3
Amy Winehouse,Back To Black,14/07/2021,2,1,4,3
Mariah Carey,Butterfly,15/07/2021,1,1,2,1
Curtis Mayfield,There's No Place Like America Today,18/07/2021,4,3,3,4
Abdullah Ibrahim,Water From An Ancient Well,19/07/2021,1,1,2,3
Kraftwerk,Trans Europe Express,20/07/2021,4,3,4,5
Talvin Singh,OK,21/07/2021,1,1,3,2
Bob Dylan,Live 1966 (The Royal Albert Hall Concert),22/07/2021,3,1,3,3
Bert Jansch,Bert Jansch,25/07/2021,2,2,3,4
Nirvana,In Utero,26/07/2021,3,3,4,4
Culture Club,Colour By Numbers,27/07/2021,1,3,2,2
The Fall,Live At The Witch Trials,28/07/2021,2,2,4,3
Miles Davis,In A Silent Way,29/07/2021,1,1,3,3
Oasis,(What's The Story) Morning Glory,01/08/2021,4,1,4,3
ABBA,Arrival,02/08/2021,3,4,4,3
Saint Etienne,Foxbase Alpha,03/08/2021,2,2,2,3
Violent Femmes,Violent Femmes,04/08/2021,2,1,3,5
Bruce Springsteen,The Rising,05/08/2021,2,2,4,3
Elvis Costello & The Attractions,Blood And Chocolate,08/08/2021,2,1,3,4
The Byrds,Mr. Tambourine Man,09/08/2021,3,1,3,4
Incubus,Make Yourself,10/08/2021,1,1,3,2
Elastica,Elastica,11/08/2021,1,4,3,4
Cee Lo Green,Cee-Lo Green... Is The Soul Machine,12/08/2021,1,1,2,3
Pulp,This Is Hardcore,15/08/2021,4,3,4,4
The Beach Boys,Surf's Up,16/08/2021,4,1,4,4
Queen,Queen II,17/08/2021,2,2,3,2
Siouxsie And The Banshees,Juju,18/08/2021,2,2,3,4
The Dictators,Go Girl Crazy,19/08/2021,1,1,2,2
Neil Young,Tonight's The Night,22/08/2021,3,1,3,5
Common,Like Water For Chocolate,23/08/2021,2,2,2,2
Pere Ubu,Dub Housing,24/08/2021,1,1,2,2
Willie Nelson,Red Headed Stranger,25/08/2021,2,3,4,3
Leonard Cohen,You Want It Darker,26/08/2021,2,3,3,3
The Human League,Dare!,29/08/2021,3,2,3,4
ABC,The Lexicon Of Love,30/08/2021,3,3,3,4
Bobby Womack,The Poet,31/08/2021,3,2,3,3
David Bowie,Heroes,01/09/2021,3,4,4,4
Cornershop,When I Was Born For The 7th Time,02/09/2021,3,2,3,4
Neu!,NEU! 75,05/09/2021,1,2,3,4
Pink Floyd,Wish You Were Here,06/09/2021,4,1,4,3
Coldplay,A Rush Of Blood To The Head,07/09/2021,3,1,2,4
Nitty Gritty Dirt Band,Will The Circle Be Unbroken,08/09/2021,2,2,3,2
Boards of Canada,Music Has The Right To Children,09/09/2021,3,5,4,5
The Flaming Lips,The Soft Bulletin,12/09/2021,3,1,2,3
Pretenders,Pretenders,13/09/2021,2,3,4,4
Van Morrison,Moondance,14/09/2021,5,5,4,5
Bee Gees,Trafalgar,15/09/2021,2,1,3,2
Beastie Boys,Ill Communication,16/09/2021,2,4,4,5
Louis Prima,The Wildest!,19/09/2021,2,2,2,3
Frank Zappa,Hot Rats,20/09/2021,2,1,2,4
Franz Ferdinand,Franz Ferdinand,21/09/2021,3,3,4,3
Isaac Hayes,Shaft,22/09/2021,2,4,3,4
Traffic,John Barleycorn Must Die,23/09/2021,1,2,3,3
U2,The Joshua Tree,26/09/2021,4,4,4,4
OutKast,Speakerboxxx/The Love Below,27/09/2021,1,1,2,3
Rod Stewart,Every Picture Tells A Story,28/09/2021,1,1,2,3
The Verve,Urban Hymns,29/09/2021,4,2,4,3
Paul McCartney and Wings,Band On The Run,30/09/2021,3,2,4,3
David Bowie,Young Americans,03/10/2021,3,2,3,5
The Offspring,Smash,04/10/2021,1,1,3,2
OutKast,Stankonia,05/10/2021,1,1,2,3
The 13th Floor Elevators,The Psychedelic Sounds of the 13th Floor Elevators,06/10/2021,3,2,2,5
R.E.M.,Automatic For The People,07/10/2021,4,5,4,5
Iron Maiden,The Number Of The Beast,10/10/2021,1,1,3,3
Electric Light Orchestra,Out Of The Blue,11/10/2021,2,2,4,3
Sly & The Family Stone,There's A Riot Goin' On,12/10/2021,3,3,3,5
Nirvana,Nevermind,13/10/2021,3,5,5,5
Lambchop,Nixon,14/10/2021,2,2,2,2
Röyksopp,Melody A.M.,17/10/2021,2,1,2,3
Janis Joplin,Pearl,18/10/2021,3,4,3,4
The Kinks,The Village Green Preservation Society,19/10/2021,4,1,3,3
Os Mutantes,Os Mutantes,20/10/2021,1,1,2,5
The Rolling Stones,Sticky Fingers,21/10/2021,4,2,4,4
The La's,The La's,24/10/2021,5,2,4,4
Deep Purple,Made In Japan,25/10/2021,2,1,3,2
Wild Beasts,Two Dancers,26/10/2021,2,1,2,3
Yes,Fragile,27/10/2021,2,1,2,2
Emmylou Harris,Pieces Of The Sky,28/10/2021,1,4,2,3
Jethro Tull,Aqualung,31/10/2021,1,1,3,2
CHIC,C'est Chic,01/11/2021,2,3,3,4
Otis Redding,Otis Blue/Otis Redding Sings Soul,02/11/2021,3,3,3,4
The Who,My Generation,03/11/2021,4,3,3,4
Ramones,Ramones,04/11/2021,2,1,3,3
Aerosmith,Toys In The Attic,07/11/2021,2,1,4,4
Megadeth,Rust In Peace,08/11/2021,1,1,2,2
Marvin Gaye,"Here, My Dear",09/11/2021,2,1,2,2
Eminem,The Slim Shady LP,10/11/2021,2,1,1,2
Pearl Jam,Ten,11/11/2021,2,1,4,3
Black Sabbath,Paranoid,14/11/2021,1,3,2,3
Beastie Boys,Licensed To Ill,15/11/2021,3,2,4,3
Raekwon,Only Built 4 Cuban Linx,16/11/2021,1,1,2,2
The Rolling Stones,Let It Bleed,17/11/2021,4,3,4,5
Mekons,Fear and Whiskey,18/11/2021,1,1,1,1
Steely Dan,Countdown To Ecstasy,21/11/2021,2,1,2,3
Miles Davis,Kind Of Blue,22/11/2021,1,1,2,3
Buzzcocks,Another Music In A Different Kitchen,23/11/2021,2,2,3,4
Suzanne Vega,Suzanne Vega,24/11/2021,2,2,2,2
Blondie,Parallel Lines,25/11/2021,3,3,3,5
Buffalo Springfield,Buffalo Springfield Again,28/11/2021,1,1,3,3
Booker T. & The MG's,Green Onions,29/11/2021,3,2,2,4
The Byrds,The Notorious Byrd Brothers,30/11/2021,3,1,3,5
KISS,Destroyer,01/12/2021,2,1,1,2
Germs,GI,02/12/2021,1,2,2,2
Dolly Parton,Coat Of Many Colors,05/12/2021,3,5,3,3
The Smiths,The Queen Is Dead,06/12/2021,5,5,4,5
Sonic Youth,Daydream Nation,07/12/2021,2,3,5,5
Machito,Kenya,08/12/2021,1,2,3,3
The Isley Brothers,3 + 3,09/12/2021,4,3,2,4
Cat Stevens,Tea for the Tillerman,12/12/2021,4,3,2,4
Frank Sinatra,Songs For Swingin' Lovers!,13/12/2021,2,2,3,3
MC Solaar,Qui sème le vent récolte le tempo,14/12/2021,1,1,2,2
Queen Latifah,All Hail the Queen,15/12/2021,1,1,2,3
Jeff Buckley,Grace,16/12/2021,3,1,2,3
Michael Jackson,Bad,19/12/2021,4,4,4,4
Bob Dylan,Blonde On Blonde,20/12/2021,2,2,3,3
Joan Armatrading,Joan Armatrading,21/12/2021,3,3,2,4
Missy Elliott,Under Construction,22/12/2021,1,4,3,3
Syd Barrett,The Madcap Laughs,23/12/2021,4,1,2,3
Various Artists,A Christmas Gift For You From Phil Spector,26/12/2021,4,1,3,3
Eagles,Eagles,27/12/2021,2,2,4,3
Yes,The Yes Album,28/12/2021,2,1,2,2
Parliament,Mothership Connection,29/12/2021,2,2,3,4
Common,Be,30/12/2021,5,3,3,3
Wire,Pink Flag,02/01/2022,2,3,4,5
Count Basie & His Orchestra,The Atomic Mr Basie,03/01/2022,1,2,1,2
Jazmine Sullivan,Heaux Tales,04/01/2022,1,1,1,3
Shivkumar Sharma,Call of the Valley,05/01/2022,2,3,2,2
Sonic Youth,Goo,06/01/2022,3,2,4,4
Teenage Fanclub,Bandwagonesque,09/01/2022,3,2,4,5
Beach House,Teen Dream,10/01/2022,2,1,2,3
Mudhoney,Every Good Boy Deserves Fudge,11/01/2022,2,3,3,3
The Specials,More Specials,12/01/2022,3,3,3,3
Daft Punk,Homework,13/01/2022,3,4,4,3
Red Hot Chili Peppers,Blood Sugar Sex Magik,16/01/2022,2,2,4,4
Neil Young & Crazy Horse,Everybody Knows This Is Nowhere,17/01/2022,3,1,3,4
Scott Walker,Scott 4,18/01/2022,3,1,3,4
Elvis Costello & The Attractions,This Year's Model,19/01/2022,3,1,2,3
The Byrds,Sweetheart Of The Rodeo,20/01/2022,2,1,2,2
The Lemonheads,It's A Shame About Ray,23/01/2022,2,2,3,4
Kanye West,The College Dropout,24/01/2022,2,1,3,2
Dusty Springfield,Dusty In Memphis,25/01/2022,3,4,4,4
Eminem,The Marshall Mathers LP,26/01/2022,2,2,2,1
System Of A Down,System Of A Down,27/01/2022,1,1,1,2
The Cure,Disintegration,30/01/2022,3,3,2,3
The Doors,L.A. Woman,31/01/2022,2,1,3,3
Fleet Foxes,Fleet Foxes,01/02/2022,2,2,2,4
The Boo Radleys,Giant Steps,02/02/2022,2,1,2,5
The Dave Brubeck Quartet,Time Out,03/02/2022,1,3,2,3
R.E.M.,Murmur,06/02/2022,2,3,3,5
David Bowie,Hunky Dory,07/02/2022,4,3,4,5
Madness,The Rise & Fall,08/02/2022,3,2,3,3
The Streets,A Grand Don't Come For Free,09/02/2022,5,3,4,4
John Martyn,One World,10/02/2022,3,2,3,4
Deerhunter,Halcyon Digest,13/02/2022,2,2,2,3
Gene Clark,No Other,14/02/2022,2,1,2,4
Elliott Smith,Figure 8,15/02/2022,2,1,2,2
The Notorious B.I.G.,Ready To Die,16/02/2022,2,1,3,3
AC/DC,Highway to Hell,17/02/2022,3,3,4,4
Soundgarden,Superunknown,20/02/2022,1,1,3,3
Thin Lizzy,Live And Dangerous,21/02/2022,2,1,2,2
Deep Purple,Deep Purple In Rock,22/02/2022,1,1,2,2
Ute Lemper,Punishing Kiss,23/02/2022,1,2,2,3
The Cramps,Songs The Lord Taught Us,24/02/2022,1,2,2,3
New Order,Low-Life,27/02/2022,3,2,3,3
Sex Pistols,"Never Mind The Bollocks, Here’s The Sex Pistols",28/02/2022,4,4,3,3
Youssou N'Dour,Immigrés,01/03/2022,1,2,2,3
The Kinks,Face to Face,02/03/2022,3,2,2,3
Jane's Addiction,Ritual De Lo Habitual,03/03/2022,2,3,2,2
The Cars,The Cars,06/03/2022,3,2,3,4
Fela Kuti,Zombie,07/03/2022,1,1,3,4
Loretta Lynn,Don't Come Home A Drinkin' (With Lovin' On Your Mind),08/03/2022,3,4,2,3
The Stooges,Fun House,09/03/2022,3,3,3,4
The Doors,Morrison Hotel,10/03/2022,1,1,2,4
The Sonics,Here Are the Sonics,13/03/2022,3,1,3,3
Alice Cooper,School's Out,14/03/2022,2,1,2,3
Bob Dylan,The Freewheelin' Bob Dylan,15/03/2022,2,3,2,4
Norah Jones,Come Away With Me,16/03/2022,1,1,1,2
FKA twigs,LP1,17/03/2022,2,1,1,3
Beatles,Sgt. Pepper's Lonely Hearts Club Band,20/03/2022,5,5,5,5
Massive Attack,Blue Lines,21/03/2022,4,5,4,5
Dirty Projectors,Bitte Orca,22/03/2022,2,1,2,3
Spacemen 3,Playing With Fire,23/03/2022,3,4,3,4
Heaven 17,Penthouse And Pavement,24/03/2022,3,3,2,3
The Specials,The Specials,27/03/2022,4,4,4,4
David Gray,White Ladder,28/03/2022,2,3,2,3
Joni Mitchell,Blue,29/03/2022,4,2,4,5
The Soft Boys,Underwater Moonlight,30/03/2022,4,2,3,4
Pink Floyd,The Dark Side Of The Moon,31/03/2022,5,2,5,3
Nanci Griffith,The Last Of The True Believers,03/04/2022,2,2,2,3
Lorde,Melodrama,04/04/2022,2,1,2,2
John Martyn,Solid Air,05/04/2022,2,3,2,4
Antony and the Johnsons,I Am a Bird Now,06/04/2022,2,3,2,4
Brian Wilson,Smile,07/04/2022,3,1,3,2
Prince,Sign 'O' The Times,10/04/2022,4,3,3,4
Aerosmith,Pump,11/04/2022,1,1,2,1
Stevie Wonder,Talking Book,12/04/2022,5,4,4,5
Steve Earle,Guitar Town,13/04/2022,2,1,2,2
Run-D.M.C.,Run-D.M.C.,14/04/2022,2,3,3,3
Al Green,Let's Stay Together,17/04/2022,4,4,4,4
R.E.M.,Document,18/04/2022,3,2,3,5
The Chemical Brothers,Dig Your Own Hole,19/04/2022,3,3,3,4
The Cure,Seventeen Seconds,20/04/2022,3,3,3,3
Arcade Fire,The Suburbs,21/04/2022,4,1,3,4
Elvis Presley,From Elvis In Memphis,24/04/2022,3,4,3,3
Leonard Cohen,Songs Of Love And Hate,25/04/2022,2,1,1,3
Country Joe & The Fish,Electric Music For The Mind And Body,26/04/2022,2,1,1,3
Joy Division,Closer,27/04/2022,3,4,4,5
Koffi Olomide,"Haut de gamme / Koweït, rive gauche",28/04/2022,1,1,3,2
Johnny Cash,American IV: The Man Comes Around,01/05/2022,4,4,4,4
Tito Puente,Dance Mania,02/05/2022,1,1,2,3
B.B. King,Live At The Regal,03/05/2022,2,3,3,3
Kacey Musgraves,Golden Hour,04/05/2022,2,1,1,2
Thundercat,Drunk,05/05/2022,1,1,3,4
"Crosby, Stills & Nash","Crosby, Stills & Nash",08/05/2022,3,1,2,3
A Tribe Called Quest,People's Instinctive Travels and the Paths of Rhythm,09/05/2022,3,3,3,4
Blur,Parklife,10/05/2022,3,1,4,4
Can,Tago Mago,11/05/2022,1,2,3,3
Sepultura,Arise,12/05/2022,1,1,1,1
Blur,Blur,15/05/2022,4,1,4,3
The Band,The Band,16/05/2022,3,3,3,3
Jerry Lee Lewis,"Live At The Star Club, Hamburg",17/05/2022,2,4,3,3
Steve Winwood,Arc Of A Diver,18/05/2022,2,2,2,2
Creedence Clearwater Revival,Green River,19/05/2022,3,1,3,3
Crowded House,Woodface,22/05/2022,2,3,4,3
Green Day,Dookie,23/05/2022,2,1,4,4
The Zombies,Odessey And Oracle,24/05/2022,4,1,3,5
Fairport Convention,Liege And Lief,25/05/2022,2,1,3,3
The Who,The Who Sell Out,26/05/2022,2,2,3,3
Black Sabbath,Vol. 4,29/05/2022,2,1,3,3
The Undertones,The Undertones,30/05/2022,2,4,3,4
Alanis Morissette,Jagged Little Pill,31/05/2022,2,2,3,3
Van Morrison,Astral Weeks,01/06/2022,5,5,4,5
Johnny Cash,At Folsom Prison,02/06/2022,2,3,4,4
Beatles,A Hard Day's Night,05/06/2022,4,4,4,4
David Bowie,Blackstar,06/06/2022,2,2,2,3
Led Zeppelin,Led Zeppelin II,07/06/2022,3,4,4,4
Jane Weaver,Modern Kosmology,08/06/2022,2,2,3,5
Sparks,Kimono My House,09/06/2022,3,3,3,3
The Modern Lovers,The Modern Lovers,12/06/2022,3,3,3,5
Def Leppard,Pyromania,13/06/2022,1,1,2,1
Genesis,The Lamb Lies Down On Broadway,14/06/2022,3,1,2,3
The Mamas & The Papas,If You Can Believe Your Eyes & Ears,15/06/2022,2,4,2,3
Jeru The Damaja,The Sun Rises In The East,16/06/2022,1,2,1,2
Air,Moon Safari,19/06/2022,3,2,4,5
The War On Drugs,Lost In The Dream,20/06/2022,4,2,4,4
Pulp,Different Class,21/06/2022,5,4,4,5
Penguin Cafe Orchestra,Music From The Penguin Cafe,22/06/2022,2,3,2,3
Mike Ladd,Welcome to the Afterfuture,23/06/2022,1,1,2,1
The Crusaders,Street Life,26/06/2022,2,2,3,4
Arcade Fire,Neon Bible,27/06/2022,3,1,3,4
The Only Ones,The Only Ones,28/06/2022,3,2,3,4
Gene Clark,White Light,29/06/2022,2,2,2,3
John Prine,John Prine,30/06/2022,2,1,2,2
Primal Scream,Screamadelica,03/07/2022,3,5,4,5
The Black Keys,Brothers,04/07/2022,3,1,3,4
Ladysmith Black Mambazo,Shaka Zulu,05/07/2022,2,5,4,3
Bad Company,Bad Company,06/07/2022,2,1,3,3
Elvis Presley,Elvis Presley,07/07/2022,5,3,4,4
Massive Attack,Protection,10/07/2022,2,4,4,4
Beck,Sea Change,11/07/2022,3,3,4,5
Elvis Costello,Brutal Youth,12/07/2022,1,1,2,3
Fun Lovin' Criminals,Come Find Yourself,13/07/2022,2,2,2,3
"Earth, Wind & Fire",That's The Way Of The World,14/07/2022,2,2,3,3
Marty Robbins,Gunfighter Ballads And Trail Songs,17/07/2022,1,2,2,3
George Michael,Listen Without Prejudice Vol. 1,18/07/2022,2,5,3,3
Supergrass,I Should Coco,19/07/2022,3,1,3,4
Fatboy Slim,You've Come a Long Way Baby,20/07/2022,3,3,4,4
k.d. lang,Shadowland,21/07/2022,2,1,3,3
Grateful Dead,American Beauty,24/07/2022,1,2,2,3
The Flaming Lips,Yoshimi Battles The Pink Robots,25/07/2022,4,2,4,3
The Disposable Heroes Of Hiphoprisy,Hypocrisy Is The Greatest Luxury,26/07/2022,2,2,3,5
Talking Heads,Remain In Light,27/07/2022,4,3,3,5
Ice Cube,AmeriKKKa's Most Wanted,28/07/2022,1,2,2,3
Miriam Makeba,Miriam Makeba,31/07/2022,1,4,3,4
Buddy Holly & The Crickets,Chirping Crickets,01/08/2022,2,3,4,3
Sister Sledge,We Are Family,02/08/2022,4,3,3,4
The Fall,This Nation’s Saving Grace,03/08/2022,2,3,2,5
Metallica,Master Of Puppets,04/08/2022,1,1,4,2
The Prodigy,The Fat Of The Land,07/08/2022,3,3,4,3
Bob Dylan,Bringing It All Back Home,08/08/2022,2,2,2,4
Iggy Pop,Lust For Life,09/08/2022,4,4,4,5
Jefferson Airplane,Surrealistic Pillow,10/08/2022,2,2,2,3
Milton Nascimento,Clube Da Esquina,11/08/2022,3,3,3,3
Hugh Masekela,Home Is Where The Music Is,14/08/2022,1,1,2,2
Arctic Monkeys,"Whatever People Say I Am, That's What I'm Not",15/08/2022,5,3,4,4
Van Halen,Van Halen,16/08/2022,1,1,3,2
Julian Cope,Peggy Suicide,17/08/2022,3,1,3,5
Dennis Wilson,Pacific Ocean Blue,18/08/2022,3,4,3,4
Super Furry Animals,Fuzzy Logic,21/08/2022,4,2,4,4
Motörhead,Ace of Spades,22/08/2022,1,2,2,3
David Bowie,The Rise and Fall of Ziggy Stardust and the Spiders from Mars,23/08/2022,3,2,4,4
Deee-Lite,World Clique,24/08/2022,1,1,2,3
PJ Harvey,Rid Of Me,25/08/2022,3,4,4,5
ZZ Top,Eliminator,28/08/2022,2,2,1,3
Eurythmics,Sweet Dreams (Are Made Of This),29/08/2022,2,3,3,2
Beatles,Revolver,30/08/2022,5,5,5,5
Ravi Shankar,The Sounds Of India,31/08/2022,3,3,3,2
Mott The Hoople,Mott,01/09/2022,3,1,2,3
Yes,Close To The Edge,04/09/2022,2,1,1,2
The Byrds,Younger Than Yesterday,05/09/2022,2,2,3,3
Small Faces,Ogden's Nut Gone Flake,06/09/2022,2,2,2,3
Scott Walker,Scott 2,07/09/2022,3,1,2,3
The Sugarcubes,Life's Too Good,08/09/2022,2,3,2,3
Public Enemy,Fear Of A Black Planet,11/09/2022,3,5,4,5
Nirvana,MTV Unplugged In New York,12/09/2022,4,3,5,5
Run-D.M.C.,Raising Hell,13/09/2022,2,2,3,3
Neil Young,On The Beach,14/09/2022,3,2,3,5
Mercury Rev,Deserter's Songs,15/09/2022,4,1,2,5
The Replacements,Let It Be,18/09/2022,3,3,3,3
Jimi Hendrix,Axis: Bold As Love,19/09/2022,2,3,3,3
Digital Underground,Sex Packets,20/09/2022,1,1,1,1
Taylor Swift,evermore,21/09/2022,2,1,2,2
808 State,90,22/09/2022,2,2,2,3
Tears For Fears,Songs From The Big Chair,25/09/2022,3,3,4,4
Donovan,Sunshine Superman,26/09/2022,3,3,2,3
Radiohead,OK Computer,27/09/2022,5,5,4,5
Pavement,Crooked Rain Crooked Rain,28/09/2022,3,3,3,5
Hole,Live Through This,29/09/2022,2,1,1,2
Little Richard,Here's Little Richard,02/10/2022,4,3,3,3
Radiohead,The Bends,03/10/2022,5,4,3,4
Van Halen,1984,04/10/2022,1,1,3,2
The Everly Brothers,A Date With The Everly Brothers,05/10/2022,3,3,3,3
MC5,Kick Out The Jams (Live),06/10/2022,2,5,2,3
Paul Weller,Wild Wood,09/10/2022,2,2,3,4
The Smiths,Meat Is Murder,10/10/2022,5,4,3,5
Orange Juice,Rip It Up,11/10/2022,3,1,4,5
Arrested Development,"3 Years, 5 Months And 2 Days In The Life Of...",12/10/2022,2,1,2,3
Cocteau Twins,Heaven Or Las Vegas,13/10/2022,3,3,2,3
The Cardigans,First Band On The Moon,16/10/2022,2,1,3,3
The Avalanches,Since I Left You,17/10/2022,3,3,4,5
Ramblin' Jack Elliott,Jack Takes the Floor,18/10/2022,3,3,2,3
Black Sabbath,Black Sabbath,19/10/2022,2,1,3,3
Goldfrapp,Felt Mountain,20/10/2022,2,3,3,3
Jorge Ben Jor,Africa Brasil,23/10/2022,2,3,2,5
The Mars Volta,Deloused in the Comatorium,24/10/2022,2,1,2,2
Dinosaur Jr.,Bug,25/10/2022,3,2,4,5
Derek & The Dominos,Layla And Other Assorted Love Songs,26/10/2022,2,3,3,3
Genesis,Selling England By The Pound,27/10/2022,1,1,2,2
MGMT,Oracular Spectacular,30/10/2022,3,1,3,4
Lana Del Rey,Chemtrails Over The Country Club,31/10/2022,1,1,1,3
The Pogues,If I Should Fall From Grace With God,01/11/2022,3,2,3,3
Wilco,Yankee Hotel Foxtrot,02/11/2022,5,3,3,4
The White Stripes,White Blood Cells,03/11/2022,4,2,4,4
2Pac,Me Against The World,06/11/2022,2,1,1,1
Fugees,The Score,07/11/2022,2,1,2,3
Björk,Debut,08/11/2022,2,5,3,4
Dr. Dre,The Chronic,09/11/2022,2,2,2,1
Gorillaz,Gorillaz,10/11/2022,2,1,2,3
Burning Spear,Marcus Garvey,13/11/2022,1,2,2,3
SAULT,Untitled (Black Is),14/11/2022,4,2,4,5
Sonic Youth,E.V.O.L.,15/11/2022,2,1,3,2
Terence Trent D'Arby,Introducing The Hardline According To Terence Trent D'Arby,16/11/2022,1,1,1,2
Aretha Franklin,Lady Soul,17/11/2022,4,4,3,3
Adele,21,20/11/2022,1,2,2,1
Dusty Springfield,A Girl Called Dusty,21/11/2022,3,5,4,3
David Bowie,Low,22/11/2022,2,4,4,5
Rush,2112,23/11/2022,1,1,1,2
Suede,Dog Man Star,24/11/2022,4,5,4,4
David Bowie,Aladdin Sane,27/11/2022,3,3,3,3
Aretha Franklin,I Never Loved a Man the Way I Love You,28/11/2022,4,3,3,4
Laibach,Opus Dei,29/11/2022,1,1,1,1
Christine and the Queens,Chris,30/11/2022,3,1,3,3
Aimee Mann,Whatever,01/12/2022,2,1,2,3
Carole King,Tapestry,04/12/2022,5,5,4,5
Prince,1999,05/12/2022,3,2,3,3
The Who,Live At Leeds,06/12/2022,2,1,3,3
Elton John,Goodbye Yellow Brick Road,07/12/2022,5,2,3,3
Gotan Project,La Revancha Del Tango,08/12/2022,3,1,2,4
Talking Heads,More Songs About Buildings And Food,11/12/2022,2,3,4,5
Jeff Beck,Truth,12/12/2022,2,1,2,3
The Prodigy,Music For The Jilted Generation,13/12/2022,3,3,4,4
The Yardbirds,Roger the Engineer,14/12/2022,2,1,2,2
Sonic Youth,Dirty,15/12/2022,1,2,4,4
Neil Young,Harvest,18/12/2022,2,1,4,4
The Allman Brothers Band,At Fillmore East,19/12/2022,2,3,2,2
LCD Soundsystem,american dream,20/12/2022,3,2,3,4
Willie Nelson,Stardust,21/12/2022,2,4,3,3
Joan Baez,Joan Baez,22/12/2022,2,4,3,3
Manu Chao,Clandestino,25/12/2022,2,1,2,4
Roxy Music,Country Life,26/12/2022,2,1,2,4
Ice T,O.G. Original Gangster,27/12/2022,1,1,2,4
Paul Simon,Graceland,28/12/2022,3,5,2,4
Bob Marley & The Wailers,Exodus,29/12/2022,2,4,4,4
Iron Maiden,Iron Maiden,01/01/2023,1,1,3,3
Gang Of Four,Entertainment,02/01/2023,2,2,3,5
X-Ray Spex,Germfree Adolescents,03/01/2023,2,2,3,4
William Orbit,Strange Cargo III,04/01/2023,2,1,2,3
Blue Cheer,Vincebus Eruptum,05/01/2023,2,3,2,3
Arcade Fire,Funeral,08/01/2023,4,2,3,4
George Harrison,All Things Must Pass,09/01/2023,4,3,4,4
John Lennon,Imagine,10/01/2023,4,4,4,3
Bruce Springsteen,Born In The U.S.A.,11/01/2023,3,3,3,3
Big Black,Atomizer,12/01/2023,1,1,2,3
Talking Heads,Talking Heads 77,15/01/2023,4,3,4,5
John Lee Hooker,The Healer,16/01/2023,2,1,2,2
A Tribe Called Quest,The Low End Theory,17/01/2023,2,2,3,3
Muddy Waters,At Newport 1960,18/01/2023,3,2,3,3
The Hives,Your New Favourite Band,19/01/2023,2,2,2,3
Wu-Tang Clan,Enter The Wu-Tang (36 Chambers),22/01/2023,2,1,1,3
Bruce Springsteen,Born To Run,23/01/2023,3,3,3,3
Einstürzende Neubauten,Kollaps,24/01/2023,1,1,1,1
The White Stripes,Elephant,25/01/2023,4,3,3,4
Lauryn Hill,The Miseducation of Lauryn Hill,26/01/2023,2,2,3,3
Eric Clapton,461 Ocean Boulevard,29/01/2023,3,3,3,3
DJ Shadow,Endtroducing.....,30/01/2023,4,4,4,5
Captain Beefheart & His Magic Band,Trout Mask Replica,31/01/2023,2,1,2,3
Rahul Dev Burman,Shalimar,01/02/2023,1,2,1,3
Merle Haggard,I’m a Lonesome Fugitive,02/02/2023,2,2,1,2
N.W.A.,Straight Outta Compton,05/02/2023,2,3,2,3
Supertramp,Crime Of The Century,06/02/2023,2,1,2,2
Led Zeppelin,Led Zeppelin III,07/02/2023,3,4,3,4
Tangerine Dream,Phaedra,08/02/2023,3,2,2,2
Ice Cube,The Predator,09/02/2023,1,2,1,2
"Blood, Sweat & Tears","Blood, Sweat & Tears",12/02/2023,2,1,2,2
Pet Shop Boys,Actually,13/02/2023,3,3,3,3
Bob Dylan,Highway 61 Revisited,14/02/2023,3,1,3,4
Waylon Jennings,Honky Tonk Heroes,15/02/2023,2,1,2,2
Britney Spears,...Baby One More Time,16/02/2023,2,1,2,1
Duke Ellington,Ellington at Newport,19/02/2023,2,1,3,2
The Clash,London Calling,20/02/2023,3,2,4,5
Deep Purple,Machine Head,21/02/2023,3,2,3,3
Beatles,Rubber Soul,22/02/2023,4,4,4,4
Fiona Apple,Tidal,23/02/2023,2,1,2,4
The B-52's,B-52's,26/02/2023,3,3,4,5
Gil Scott-Heron,Winter In America,27/02/2023,3,2,3,3
Suicide,Suicide,28/02/2023,2,4,3,4
Sigur Rós,Ágætis Byrjun,01/03/2023,2,2,3,3
Nick Cave & The Bad Seeds,Murder Ballads,02/03/2023,2,2,4,4
The Pogues,Rum Sodomy & The Lash,05/03/2023,2,3,3,3
The Killers,Hot Fuss,06/03/2023,3,1,4,3
Tom Waits,Swordfishtrombones,07/03/2023,2,2,3,4
Malcolm McLaren,Duck Rock,08/03/2023,3,3,2,2
The Louvin Brothers,Tragic Songs of Life,09/03/2023,2,1,2,2
Cheap Trick,At Budokan,12/03/2023,2,2,2,2
De La Soul,3 Feet High and Rising,13/03/2023,3,4,4,5
Marvin Gaye,What's Going On,14/03/2023,4,5,4,5
Love,Da Capo,15/03/2023,2,2,2,3
Björk,Vespertine,16/03/2023,2,3,2,2
Don McLean,American Pie,19/03/2023,1,3,3,2
GZA,Liquid Swords,20/03/2023,1,1,1,3
Napalm Death,Scum,21/03/2023,1,1,1,1
Kendrick Lamar,To Pimp A Butterfly,22/03/2023,2,1,2,3
Frankie Goes To Hollywood,Welcome To The Pleasuredome,23/03/2023,3,2,3,3
Meat Loaf,Bat Out Of Hell,26/03/2023,1,1,2,1
Iggy Pop,The Idiot,27/03/2023,4,2,4,4
The Undertones,Hypnotised,28/03/2023,2,2,3,3
Kanye West,Yeezus,29/03/2023,1,1,1,1
The Mothers Of Invention,We're Only In It For The Money,30/03/2023,1,1,1,1
Kendrick Lamar,"good kid, m.A.A.d city",02/04/2023,2,2,2,3
Aerosmith,Rocks,03/04/2023,3,1,3,2
Fats Domino,This Is Fats Domino,04/04/2023,3,3,3,3
T. Rex,The Slider,05/04/2023,3,2,2,3
Muddy Waters,Hard Again,06/04/2023,2,3,3,3
Fiona Apple,Fetch The Bolt Cutters,09/04/2023,3,1,3,2
Janelle Monáe,The ArchAndroid,10/04/2023,1,1,2,4
Gillian Welch,Time (The Revelator),11/04/2023,3,2,2,3
King Crimson,In The Court Of The Crimson King,12/04/2023,2,1,2,3
David Crosby,If I Could Only Remember My Name,13/04/2023,1,1,3,2
The Youngbloods,Elephant Mountain,16/04/2023,2,3,2,3
Creedence Clearwater Revival,Cosmo's Factory,17/04/2023,2,1,2,3
AC/DC,Back In Black,18/04/2023,3,2,4,3
The Adverts,Crossing the Red Sea With the Adverts,19/04/2023,2,1,3,4
X,Wild Gift,20/04/2023,2,3,3,4
Keith Jarrett,The Köln Concert,23/04/2023,2,3,2,3
Silver Jews,Bright Flight,24/04/2023,2,1,3,3
The Beach Boys,The Beach Boys Today!,25/04/2023,2,2,2,2
Destiny's Child,Survivor,26/04/2023,1,1,3,2
Billy Bragg,Mermaid Avenue,27/04/2023,4,4,4,4
George Michael,Faith,30/04/2023,2,3,3,3
Laura Nyro,Eli And The Thirteenth Confession,01/05/2023,2,2,2,3
Jack White,Blunderbuss,02/05/2023,2,2,3,3
Green Day,American Idiot,03/05/2023,2,1,3,3
PJ Harvey,Let England Shake,04/05/2023,2,2,2,4
Bee Gees,Odessa,07/05/2023,2,1,1,1
Nick Cave & The Bad Seeds,Abattoir Blues / The Lyre of Orpheus,08/05/2023,4,3,3,4
Cocteau Twins,Treasure,09/05/2023,2,2,2,3
Jurassic 5,Power In Numbers,10/05/2023,4,3,4,4
Bad Brains,I Against I,11/05/2023,2,3,3,2
Madonna,Music,14/05/2023,2,1,3,3
Screaming Trees,Dust,15/05/2023,2,4,2,4
Fleetwood Mac,Rumours,16/05/2023,4,4,4,4
Baaba Maal,Djam Leelii,17/05/2023,2,2,2,2
Goldfrapp,Seventh Tree,18/05/2023,2,2,2,3
Animal Collective,Merriweather Post Pavilion,21/05/2023,2,1,3,4
Ray Charles,Modern Sounds in Country and Western Music,22/05/2023,3,2,2,2
Fever Ray,Fever Ray,23/05/2023,1,1,3,2
Ghostface Killah,Fishscale,24/05/2023,1,1,1,2
Faces,A Nod Is As Good As A Wink To A Blind Horse,25/05/2023,3,1,3,3
Solange,A Seat at the Table,28/05/2023,2,1,2,2
Everything But The Girl,Idlewild,29/05/2023,1,2,2,2
Leonard Cohen,Songs Of Leonard Cohen,30/05/2023,2,1,2,3
Brian Eno,Here Come The Warm Jets,31/05/2023,3,4,4,5
Kelela,Take Me Apart,01/06/2023,1,1,2,3
Björk,Vulnicura,04/06/2023,1,2,1,2
David Holmes,Let's Get Killed,05/06/2023,3,3,3,4
The Style Council,Cafe Bleu,06/06/2023,2,2,2,2
Herbie Hancock,Head Hunters,07/06/2023,2,2,2,2
The Vines,Highly Evolved,08/06/2023,2,1,2,2
Boston,Boston,11/06/2023,1,2,2,3
Dinosaur Jr.,You're Living All Over Me,12/06/2023,2,3,3,4
The Libertines,The Libertines,13/06/2023,3,1,3,3
Limp Bizkit,Chocolate Starfish And The Hot Dog Flavored Water,14/06/2023,1,1,2,1
John Grant,Queen Of Denmark,15/06/2023,3,4,3,5
LL Cool J,Mama Said Knock You Out,18/06/2023,2,2,2,3
The Sabres Of Paradise,Haunted Dancehall,19/06/2023,2,3,3,3
Bob Dylan,Blood On The Tracks,20/06/2023,4,1,2,4
"Bonnie ""Prince"" Billy",I See A Darkness,21/06/2023,3,3,2,2
Megadeth,Peace Sells...But Who's Buying,22/06/2023,1,1,2,1
Moby,Play,25/06/2023,3,3,4,4
Pixies,Bossanova,26/06/2023,3,3,4,5
Van Morrison,It's Too Late to Stop Now,27/06/2023,3,5,4,3
Talking Heads,Fear Of Music,28/06/2023,4,3,4,5
Leonard Cohen,I'm Your Man,29/06/2023,2,1,2,3
Minutemen,Double Nickels On The Dime,02/07/2023,2,2,2,5
Pink Floyd,The Piper At The Gates Of Dawn,03/07/2023,4,2,3,3
Skunk Anansie,Post Orgasmic Chill,04/07/2023,1,1,2,2
Pixies,Surfer Rosa,05/07/2023,3,1,4,5
Roni Size,New Forms,06/07/2023,3,3,2,3
Simply Red,Picture Book,09/07/2023,1,1,3,2
Randy Newman,Sail Away,10/07/2023,2,1,3,2
Motörhead,No Sleep 'Til Hammersmith (Live),11/07/2023,1,2,3,3
The Young Gods,L'Eau Rouge,12/07/2023,1,1,1,1
Travis,The Man Who,13/07/2023,3,2,3,3
Funkadelic,One Nation Under A Groove,16/07/2023,2,3,2,2
50 Cent,Get Rich Or Die Tryin',17/07/2023,1,1,1,1
Tom Petty and the Heartbreakers,Tom Petty & The Heartbreakers,18/07/2023,2,2,3,3
Method Man,Tical,19/07/2023,1,1,1,2
Spirit,Twelve Dreams Of Dr. Sardonicus,20/07/2023,3,3,3,3
ABBA,The Visitors,23/07/2023,3,2,3,3
Queen,Sheer Heart Attack,24/07/2023,2,3,2,2
Throbbing Gristle,D.O.A. the Third and Final Report of Throbbing Gristle,25/07/2023,1,1,1,2
Mj Cole,Sincere,26/07/2023,2,1,1,3
Hawkwind,Space Ritual,27/07/2023,2,2,2,3
Sisters Of Mercy,Floodland,30/07/2023,2,1,2,2
R.E.M.,Green,31/07/2023,3,2,4,4
Funkadelic,Maggot Brain,01/08/2023,3,2,3,4
The Electric Prunes,Electric Prunes,02/08/2023,3,1,2,2
Miles Davis,Birth Of The Cool,03/08/2023,2,2,2,2
Kings of Leon,Aha Shake Heartbreak,06/08/2023,2,1,3,3
Pet Shop Boys,Behaviour,07/08/2023,2,2,3,3
Kid Rock,Devil Without A Cause,08/08/2023,1,1,1,1
The Birthday Party,Junkyard,09/08/2023,1,1,2,2
Grandmaster Flash & The Furious Five,The Message,10/08/2023,2,2,3,2
Muse,Black Holes and Revelations,13/08/2023,1,1,2,3
Doves,Lost Souls,14/08/2023,3,2,3,4
Astrud Gilberto,Beach Samba,15/08/2023,2,2,2,2
Prince,Purple Rain,16/08/2023,2,3,4,3
Neil Young,After The Gold Rush,17/08/2023,3,1,3,5
Killing Joke,Killing Joke,20/08/2023,2,1,2,3
Queen,A Night At The Opera,21/08/2023,3,3,3,2
Todd Rundgren,Something/Anything?,22/08/2023,4,1,4,5
Beatles,With The Beatles,23/08/2023,3,2,3,3
Ozomatli,Street Signs,24/08/2023,3,2,3,3
The Kinks,Arthur (Or the Decline and Fall of the British Empire),27/08/2023,3,2,2,3
Radiohead,Hail To the Thief,28/08/2023,3,3,3,3
Rage Against The Machine,Rage Against The Machine,29/08/2023,2,4,3,4
Tom Waits,Heartattack And Vine,30/08/2023,2,2,3,3
The Rolling Stones,The Rolling Stones,31/08/2023,3,2,4,3
Creedence Clearwater Revival,Bayou Country,03/09/2023,2,3,2,3
The Stooges,Raw Power,04/09/2023,3,4,3,4
Lloyd Cole And The Commotions,Rattlesnakes,05/09/2023,2,1,1,2
Moby Grape,Moby Grape,06/09/2023,2,3,2,3
Hot Chip,In Our Heads,07/09/2023,4,1,2,3
Cowboy Junkies,The Trinity Session,10/09/2023,3,2,4,4
Dr. John,Gris Gris,11/09/2023,3,4,3,4
Echo And The Bunnymen,Porcupine,12/09/2023,3,2,3,3
The Beta Band,Hot Shots II,13/09/2023,4,2,4,4
Robert Wyatt,Shleep,14/09/2023,2,2,2,3
Nick Drake,Pink Moon,17/09/2023,3,4,3,4
The Strokes,Is This It,18/09/2023,5,3,4,5
Suede,Suede,19/09/2023,5,5,4,4
Justin Timberlake,Justified,20/09/2023,1,1,2,2
Kanye West,My Beautiful Dark Twisted Fantasy,21/09/2023,3,1,2,2
Depeche Mode,Music for the Masses,24/09/2023,2,2,2,2
Slipknot,Slipknot,25/09/2023,1,1,1,1
Sugar,Copper Blue,26/09/2023,4,2,4,4
Soul II Soul,Club Classics Vol. One,27/09/2023,2,4,3,2
Ride,Nowhere,28/09/2023,2,1,3,3
Lupe Fiasco,Lupe Fiasco's Food & Liquor,01/10/2023,2,1,2,2
The Divine Comedy,Casanova,02/10/2023,3,2,3,3
The Bees,Sunshine Hit Me,03/10/2023,3,2,3,3
Queens Of The Stone Age,Queens of the Stone Age,04/10/2023,2,2,3,4
Brian Eno,Before And After Science,05/10/2023,3,3,3,4
Tom Waits,Nighthawks At The Diner,08/10/2023,2,1,2,4
Pere Ubu,The Modern Dance,09/10/2023,3,2,2,2
Jungle Brothers,Done By The Forces Of Nature,10/10/2023,2,2,3,3
Morrissey,Vauxhall And I,11/10/2023,2,2,2,3
Happy Mondays,Pills 'n' Thrills And Bellyaches,12/10/2023,3,4,4,5
The Rolling Stones,Beggars Banquet,15/10/2023,4,2,4,5
Peter Frampton,Frampton Comes Alive,16/10/2023,3,1,3,2
Alice In Chains,Dirt,17/10/2023,3,1,3,2
Throwing Muses,Throwing Muses,18/10/2023,1,3,2,3
Manic Street Preachers,The Holy Bible,19/10/2023,5,1,3,3
John Cale,Paris 1919,22/10/2023,3,1,3,3
Haircut 100,Pelican West,23/10/2023,4,1,3,3
PJ Harvey,"Stories From The City, Stories From The Sea",24/10/2023,5,3,4,4
The Velvet Underground,The Velvet Underground & Nico,25/10/2023,5,1,4,5
Dire Straits,Dire Straits,26/10/2023,2,3,2,2
k.d. lang,Ingenue,29/10/2023,2,1,3,4
Kraftwerk,Autobahn,30/10/2023,3,5,3,4
Cypress Hill,Cypress Hill,31/10/2023,1,1,1,2
The Police,Synchronicity,01/11/2023,2,1,2,2
Scissor Sisters,Scissor Sisters,02/11/2023,2,2,3,3
Khaled,Kenza,05/11/2023,1,2,3,3
Cyndi Lauper,She's So Unusual,06/11/2023,2,1,2,2
Neil Young & Crazy Horse,Ragged Glory,07/11/2023,2,1,3,4
Randy Newman,Good Old Boys,08/11/2023,2,2,2,2
The Jesus And Mary Chain,Darklands,09/11/2023,4,2,3,3
Guided By Voices,Alien Lanes,12/11/2023,4,1,3,4
Elton John,Madman Across The Water,13/11/2023,3,1,3,2
Dwight Yoakam,Buenas Noches From A Lonely Room,14/11/2023,2,2,2,1
T. Rex,Electric Warrior,15/11/2023,4,4,2,3
Aphex Twin,Selected Ambient Works 85-92,16/11/2023,3,5,4,4
Belle & Sebastian,If You're Feeling Sinister,19/11/2023,4,3,3,3
Public Enemy,Apocalypse 91… The Enemy Strikes Black,20/11/2023,2,2,3,3
Bob Marley & The Wailers,Catch A Fire,21/11/2023,2,3,4,3
The Teardrop Explodes,Kilimanjaro,22/11/2023,2,1,1,3
Hanoi Rocks,Back to Mystery City,23/11/2023,2,1,1,1
Super Furry Animals,Rings Around The World,26/11/2023,4,2,3,3
Elvis Presley,Elvis Is Back,27/11/2023,2,2,3,3
Nas,Illmatic,28/11/2023,2,1,1,3
Ananda Shankar,Ananda Shankar,29/11/2023,2,2,2,3
Klaxons,Myths Of The Near Future,30/11/2023,2,1,3,3
Black Flag,Damaged,03/12/2023,2,2,2,2
Tim Buckley,Goodbye And Hello,04/12/2023,2,2,3,2
Ms. Dynamite,A Little Deeper,05/12/2023,2,1,2,3
Santana,Abraxas,06/12/2023,3,1,3,3
Tom Tom Club,Tom Tom Club,07/12/2023,4,4,4,4
Adele,25,10/12/2023,2,2,3,2
"Emerson, Lake & Palmer",Tarkus,11/12/2023,1,1,2,2
The Go-Betweens,16 Lovers Lane,12/12/2023,2,1,2,3
The Coral,The Coral,13/12/2023,5,1,5,5
Sepultura,Roots,14/12/2023,1,1,1,1
Ryan Adams,Gold,17/12/2023,3,2,3,3
Little Simz,GREY Area,18/12/2023,2,3,3,3
Happy Mondays,Bummed,19/12/2023,3,3,4,5
Fairport Convention,Unhalfbricking,20/12/2023,2,1,1,3
Bonnie Raitt,Nick Of Time,21/12/2023,2,1,2,2
Elvis Costello & The Attractions,Imperial Bedroom,24/12/2023,2,2,2,3
The Band,Music From Big Pink,25/12/2023,2,2,3,3
Liz Phair,Exile In Guyville,26/12/2023,3,1,2,4
Garbage,Garbage,27/12/2023,4,1,3,3
The Jesus And Mary Chain,Psychocandy,28/12/2023,4,3,4,5
Spiritualized,Ladies And Gentlemen We Are Floating In Space,31/12/2023,4,5,4,5
Christina Aguilera,Back to Basics,01/01/2024,1,1,3,2
Mike Oldfield,Tubular Bells,02/01/2024,2,1,2,2
The Kinks,Something Else By The Kinks,03/01/2024,4,2,3,3
Sam Cooke,Live At The Harlem Square Club,04/01/2024,3,4,2,4
The Temptations,All Directions,07/01/2024,2,3,3,4
The Stone Roses,The Stone Roses,08/01/2024,5,5,5,5
Finley Quaye,Maverick A Strike,09/01/2024,2,1,2,2
John Coltrane,A Love Supreme,10/01/2024,2,1,2,2
The Temptations,Cloud Nine,11/01/2024,3,3,2,3
Nick Cave & The Bad Seeds,Ghosteen,14/01/2024,3,5,4,5
Kings of Leon,Only By The Night,15/01/2024,2,2,3,2
Giant Sand,Chore of Enchantment,16/01/2024,2,2,2,3
The Flying Burrito Brothers,The Gilded Palace Of Sin,17/01/2024,2,1,1,2
The KLF,The White Room,18/01/2024,3,2,3,3
The Monkees,Headquarters,21/01/2024,3,1,4,3
Johnny Cash,At San Quentin,22/01/2024,3,4,3,4
Sebadoh,Bubble And Scrape,23/01/2024,2,2,2,2
Dexys Midnight Runners,Don't Stand Me Down,24/01/2024,2,1,3,3
Liars,"They Were Wrong, So We Drowned",25/01/2024,1,1,2,1
Baaba Maal,Lam Toro,28/01/2024,2,2,2,3
Guns N' Roses,Appetite For Destruction,29/01/2024,4,2,4,3
Ella Fitzgerald,The Gershwin Songbook,30/01/2024,2,3,3,2
Death In Vegas,The Contino Sessions,31/01/2024,4,3,4,5
Metallica,...And Justice For All,01/02/2024,2,1,3,2
Yeah Yeah Yeahs,Fever To Tell,04/02/2024,3,2,4,4
Butthole Surfers,Locust Abortion Technician,05/02/2024,1,1,1,1
David Bowie,The Next Day,06/02/2024,2,2,3,4
The Blue Nile,A Walk Across The Rooftops,07/02/2024,2,1,2,2
Beck,Odelay,08/02/2024,5,3,4,5
Pixies,Doolittle,11/02/2024,4,3,4,5
Michael Jackson,Thriller,12/02/2024,3,4,4,3
Holger Czukay,Movies,13/02/2024,2,2,2,2
Echo And The Bunnymen,Crocodiles,14/02/2024,4,1,3,3
The Verve,A Northern Soul,15/02/2024,4,2,4,3
Hole,Celebrity Skin,18/02/2024,3,1,2,2
The Jon Spencer Blues Explosion,Now I Got Worry,19/02/2024,2,3,3,4
CHVRCHES,The Bones Of What You Believe,20/02/2024,2,2,3,3
The Beach Boys,Pet Sounds,21/02/2024,5,2,4,5
Buck Owens,I’ve Got a Tiger By the Tail,22/02/2024,2,2,2,2
The Stooges,The Stooges,25/02/2024,4,4,4,4
Girls Against Boys,Venus Luxure No. 1 Baby,26/02/2024,1,1,2,2
Public Image Ltd.,Public Image: First Issue,27/02/2024,2,3,3,3
Magazine,Real Life,28/02/2024,3,3,3,4
Coldcut,What's That Noise?,29/02/2024,5,3,2,3
Orbital,Orbital 2,03/03/2024,3,4,4,3
The Last Shadow Puppets,The Age Of The Understatement,04/03/2024,3,2,3,3
Morrissey,Viva Hate,05/03/2024,4,3,3,4
Judas Priest,British Steel,06/03/2024,2,1,2,2
Led Zeppelin,Led Zeppelin IV,07/03/2024,3,4,3,4
New York Dolls,New York Dolls,10/03/2024,3,3,4,3
Doves,The Last Broadcast,11/03/2024,3,2,3,4
Dagmar Krause,Tank Battles,12/03/2024,2,1,2,2
Cream,Disraeli Gears,13/03/2024,2,2,2,4
The Shamen,En-Tact,14/03/2024,3,1,3,3
Orchestral Manoeuvres In The Dark,Architecture And Morality,17/03/2024,3,3,3,4
Belle & Sebastian,Tigermilk,18/03/2024,4,3,4,4
Shuggie Otis,Inspiration Information,19/03/2024,3,3,3,4
Morrissey,Your Arsenal,20/03/2024,3,3,3,3
Leftfield,Leftism,21/03/2024,4,4,4,3
Weather Report,Heavy Weather,24/03/2024,1,1,2,2
Frank Ocean,Channel Orange,25/03/2024,3,1,2,3
Michael Jackson,Off The Wall,26/03/2024,3,3,4,4
Afrika Bambaataa,Planet Rock: The Album,27/03/2024,1,2,3,3
The Thrills,So Much For The City,28/03/2024,1,1,1,3
Slint,Spiderland,31/03/2024,2,1,2,2
Michael Kiwanuka,KIWANUKA,01/04/2024,4,3,4,5
Alice Cooper,Billion Dollar Babies,02/04/2024,3,1,3,3
Talk Talk,The Colour Of Spring,03/04/2024,3,4,4,4
LTJ Bukem,Logical Progression,04/04/2024,3,2,2,3
Beyoncé,BEYONCÉ,07/04/2024,1,1,3,2
Tim Buckley,Greetings From L.A.,08/04/2024,2,2,2,3
Calexico,Feast of Wire,09/04/2024,2,2,3,5
War,The World is a Ghetto,10/04/2024,2,2,2,3
Curtis Mayfield,Superfly,11/04/2024,4,3,3,4
Slipknot,All Hope Is Gone,14/04/2024,1,1,1,1
My Bloody Valentine,Loveless,15/04/2024,2,3,4,5
Elbow,The Seldom Seen Kid,16/04/2024,4,4,4,4
a-ha,Hunting High And Low,17/04/2024,2,2,2,2
Nick Drake,Five Leaves Left,18/04/2024,3,4,3,4
Basement Jaxx,Remedy,21/04/2024,2,1,2,3
The Residents,Duck Stab/Buster & Glen,22/04/2024,1,1,2,1
Emmylou Harris,Red Dirt Girl,23/04/2024,3,2,3,3
White Denim,D,24/04/2024,3,1,3,4
Metallica,Metallica,25/04/2024,2,1,4,3
Jah Wobble's Invaders Of The Heart,Rising Above Bedlam,28/04/2024,2,3,2,3
Tom Waits,Rain Dogs,29/04/2024,2,2,3,5
Fela Kuti,Live!,30/04/2024,2,2,2,4
Korn,Follow The Leader,01/05/2024,1,1,1,1
The Velvet Underground,The Velvet Underground,02/05/2024,4,2,4,5
XTC,Apple Venus Volume 1,05/05/2024,3,2,3,4
Anita Baker,Rapture,06/05/2024,2,1,2,2
Suba,São Paulo Confessions,07/05/2024,2,3,3,4
Beck,Guero,08/05/2024,2,2,3,4
Ian Dury,New Boots And Panties,09/05/2024,3,4,3,3
Brian Eno,My Life In The Bush Of Ghosts,12/05/2024,3,5,4,5
Gang Starr,Step In The Arena,13/05/2024,3,3,3,4
SZA,Ctrl,14/05/2024,1,1,2,2
Ryan Adams,Heartbreaker,15/05/2024,3,1,2,3
Django Django,Django Django,16/05/2024,3,3,4,5
Slade,Slayed?,19/05/2024,2,1,2,2
Frank Sinatra,Francis Albert Sinatra & Antonio Carlos Jobim,20/05/2024,2,2,3,2
M.I.A.,Arular,21/05/2024,2,2,3,3
Astor Piazzolla,The New Tango,22/05/2024,2,3,2,3
Captain Beefheart & His Magic Band,Safe As Milk,23/05/2024,3,2,4,5
Can,Future Days,26/05/2024,2,1,2,3
Grizzly Bear,Veckatimest,27/05/2024,3,2,2,4
The Slits,Cut,28/05/2024,2,2,2,4
Rufus Wainwright,Want One,29/05/2024,3,2,3,3
Fleetwood Mac,Tusk,30/05/2024,3,2,4,3
Sabu,Palo Congo,02/06/2024,2,3,2,3
Sonic Youth,Sister,03/06/2024,4,2,4,3
Tom Waits,Bone Machine,04/06/2024,1,1,3,5
Bebel Gilberto,Tanto Tempo,05/06/2024,1,2,2,3
Jacques Brel,Olympia 64,06/06/2024,2,1,2,3
The Damned,Machine Gun Etiquette,09/06/2024,2,1,2,3
Madonna,Ray Of Light,10/06/2024,2,2,3,3
Nina Simone,Wild Is The Wind,11/06/2024,3,4,3,3
The Smiths,"Strangeways, Here We Come",12/06/2024,5,5,4,4
Missy Elliott,Supa Dupa Fly,13/06/2024,2,3,3,3
Stereolab,Emperor Tomato Ketchup,16/06/2024,3,2,3,4
The Icarus Line,Penance Soiree,17/06/2024,2,1,3,2
Lou Reed,Berlin,18/06/2024,4,3,3,4
Circle Jerks,Group Sex,19/06/2024,2,1,2,2
Ministry,KE*A*H** (Psalm 69),20/06/2024,1,1,1,3
Kate Bush,The Sensual World,23/06/2024,3,4,3,4
Stephen Stills,Manassas,24/06/2024,2,1,2,2
Donald Fagen,The Nightfly,25/06/2024,2,1,1,1
Björk,Medúlla,26/06/2024,2,3,3,2
The The,Soul Mining,27/06/2024,3,1,2,3
Janet Jackson,Rhythm Nation 1814,30/06/2024,1,2,2,2
Robert Wyatt,Rock Bottom,01/07/2024,2,3,3,3
The Doors,The Doors,02/07/2024,3,1,3,5
The Chemical Brothers,Exit Planet Dust,03/07/2024,4,4,4,4
The Zutons,Who Killed...... The Zutons?,04/07/2024,3,2,2,3
Billie Holiday,Lady In Satin,07/07/2024,2,3,3,3
XTC,Skylarking,08/07/2024,4,2,3,5
The xx,xx,09/07/2024,4,3,3,4
"Emerson, Lake & Palmer",Pictures At An Exhibition,10/07/2024,1,1,2,1
U2,Achtung Baby,11/07/2024,2,3,3,3
Fatboy Slim,Better Living Through Chemistry,14/07/2024,4,3,4,4
Linkin Park,Hybrid Theory,15/07/2024,2,1,2,2
Joy Division,Unknown Pleasures,16/07/2024,3,3,4,4
Steely Dan,Can't Buy A Thrill,17/07/2024,3,1,2,2
Pink Floyd,The Wall,18/07/2024,2,2,3,2
Lucinda Williams,Car Wheels On A Gravel Road,21/07/2024,2,2,2,3
Iron Butterfly,In-A-Gadda-Da-Vida,22/07/2024,2,1,2,2
Jimmy Smith,Back At The Chicken Shack,23/07/2024,2,1,2,2
Joni Mitchell,The Hissing Of Summer Lawns,24/07/2024,1,3,3,3
Love,Forever Changes,25/07/2024,3,3,3,5
Christina Aguilera,Stripped,28/07/2024,1,1,2,3
Caetano Veloso,Caetano Veloso,29/07/2024,2,1,2,3
Billy Joel,The Stranger,30/07/2024,3,2,3,3
Tricky,Maxinquaye,31/07/2024,4,5,4,5
Marilyn Manson,Antichrist Superstar,01/08/2024,1,1,1,1
My Bloody Valentine,m b v,04/08/2024,2,2,3,4
Television,Marquee Moon,05/08/2024,5,3,4,5
The The,Infected,06/08/2024,2,1,2,2
Big Star,#1 Record,07/08/2024,4,3,4,5
Stan Getz,Jazz Samba,08/08/2024,1,1,2,3
The National,High Violet,11/08/2024,2,3,3,3
Quicksilver Messenger Service,Happy Trails,12/08/2024,2,1,2,2
Eels,Beautiful Freak,13/08/2024,3,2,3,3
G. Love & Special Sauce,G. Love And Special Sauce,14/08/2024,3,2,3,3
The Mothers Of Invention,Freak Out!,15/08/2024,3,1,2,2
Fred Neil,Fred Neil,18/08/2024,2,3,2,3
Nightmares On Wax,Smokers Delight,19/08/2024,2,3,3,3
Bauhaus,Mask,20/08/2024,3,1,2,3
Manic Street Preachers,Everything Must Go,21/08/2024,4,2,4,4
The White Stripes,Get Behind Me Satan,22/08/2024,2,2,3,3
Songhoy Blues,Music in Exile,25/08/2024,2,2,2,4
U2,War,26/08/2024,2,2,3,3
Alexander 'Skip' Spence,Oar,27/08/2024,2,1,3,2
Radiohead,Kid A,28/08/2024,3,4,3,4
"Crosby, Stills, Nash & Young",Deja Vu,29/08/2024,2,1,2,3
The Smashing Pumpkins,Mellon Collie and the Infinite Sadness,01/09/2024,2,1,4,3
Nick Drake,Bryter Layter,02/09/2024,4,4,3,4
The Associates,Sulk,03/09/2024,2,1,1,2
Sufjan Stevens,Illinois,04/09/2024,2,3,3,5
Grant Lee Buffalo,Fuzzy,05/09/2024,4,2,4,3
Simon & Garfunkel,Bridge Over Troubled Water,08/09/2024,5,4,5,4
Roxy Music,Roxy Music,09/09/2024,2,3,3,4
Bill Evans Trio,Sunday At The Village Vanguard,10/09/2024,2,2,2,3
Todd Rundgren,"A Wizard, A True Star",11/09/2024,2,1,2,2
Tim Buckley,Happy Sad,12/09/2024,2,3,2,3
Buena Vista Social Club,Buena Vista Social Club,15/09/2024,2,2,3,3
Simple Minds,New Gold Dream (81/82/83/84),16/09/2024,1,1,3,3
Paul Revere & The Raiders,Midnight Ride,17/09/2024,3,2,2,3
Nick Cave & The Bad Seeds,Henry's Dream,18/09/2024,3,3,3,5
Ray Charles,The Genius Of Ray Charles,19/09/2024,3,3,3,3
Stephen Stills,Stephen Stills,22/09/2024,3,1,3,3
Soft Cell,Non-Stop Erotic Cabaret,23/09/2024,2,3,2,3
Faith No More,The Real Thing,24/09/2024,1,2,3,3
Portishead,Dummy,25/09/2024,4,4,4,5
Ali Farka Touré,Talking Timbuktu,26/09/2024,2,1,2,3
The Charlatans,Tellin’ Stories,29/09/2024,4,2,3,4
Dion,Born To Be With You,30/09/2024,4,1,2,2
Brian Eno,Ambient 1/Music For Airports,01/10/2024,4,5,2,3
Tortoise,Millions Now Living Will Never Die,02/10/2024,3,1,3,3
Radiohead,Amnesiac,03/10/2024,2,4,3,3
George Jones,The Grand Tour,06/10/2024,2,2,3,2
The Police,Reggatta De Blanc,07/10/2024,2,1,2,3
Led Zeppelin,Physical Graffiti,08/10/2024,2,3,3,3
Nick Cave & The Bad Seeds,The Boatman's Call,09/10/2024,3,3,3,5
Peter Tosh,Legalize It,10/10/2024,2,1,1,2
Miles Davis,Bitches Brew,13/10/2024,2,1,2,2
Peter Gabriel,So,14/10/2024,2,2,2,2
New Order,Technique,15/10/2024,2,2,3,3
Sleater-Kinney,Dig Me Out,16/10/2024,2,1,3,4
Bob Dylan,Time Out Of Mind,17/10/2024,2,2,2,3
Dire Straits,Brothers In Arms,20/10/2024,3,3,3,3
UB40,Signing Off,21/10/2024,1,2,3,2
Stevie Wonder,Fulfillingness' First Finale,22/10/2024,3,3,3,3
JAY Z,The Blueprint,23/10/2024,2,1,1,1
Ray Price,Night Life,24/10/2024,2,2,2,2
The Young Rascals,Groovin',27/10/2024,2,2,3,3
Billy Bragg,Talking With the Taxman About Poetry,28/10/2024,3,2,3,3
Kate Bush,The Dreaming,29/10/2024,2,2,2,2
Goldie,Timeless,30/10/2024,3,3,3,4
Everything But The Girl,Walking Wounded,31/10/2024,1,2,2,3
The Roots,Phrenology,03/11/2024,3,2,3,2
Justice,Cross,04/11/2024,3,2,4,3
Madonna,Like A Prayer,05/11/2024,2,1,3,3
Paul Simon,Hearts And Bones,06/11/2024,2,2,2,2
ZZ Top,Tres Hombres,07/11/2024,2,3,3,3
Skepta,Konnichiwa,10/11/2024,2,1,2,2
James Taylor,Sweet Baby James,11/11/2024,2,2,3,3
Elliott Smith,Either Or,12/11/2024,3,1,3,3
David Ackles,American Gothic,13/11/2024,3,1,3,2
The Clash,The Clash,14/11/2024,4,2,4,5
TLC,Crazysexycool,17/11/2024,2,2,3,2
Minor Threat,Out of Step,18/11/2024,2,2,3,2
Duran Duran,Rio,19/11/2024,3,1,3,2
Turbonegro,Apocalypse Dudes,20/11/2024,1,1,1,1
The Gun Club,Fire Of Love,21/11/2024,2,2,3,3
Bruce Springsteen,Nebraska,24/11/2024,5,4,4,4
Supergrass,In It For The Money,25/11/2024,3,3,4,4
Orbital,Snivilisation,26/11/2024,4,4,4,5
Yeah Yeah Yeahs,It's Blitz!,27/11/2024,2,2,3,4
Kings of Leon,Youth And Young Manhood,28/11/2024,3,2,4,4
Amy Winehouse,Frank,01/12/2024,3,2,4,3
John Lennon,John Lennon/Plastic Ono Band,02/12/2024,2,3,3,3
Beastie Boys,Paul's Boutique,03/12/2024,4,4,4,4
Neil Young & Crazy Horse,Rust Never Sleeps,04/12/2024,3,1,3,4
Chicago,Chicago Transit Authority,05/12/2024,2,1,2,3
The Dandy Warhols,...The Dandy Warhols Come Down,08/12/2024,2,2,2,3
Leonard Cohen,Songs From A Room,09/12/2024,2,1,3,3
Sarah Vaughan,At Mister Kelly's,10/12/2024,3,4,3,3
Faust,Faust IV,11/12/2024,3,2,2,3
Frank Sinatra,In The Wee Small Hours,12/12/2024,2,3,3,3
Kraftwerk,The Man Machine,15/12/2024,4,4,4,5
Lightning Bolt,Wonderful Rainbow,16/12/2024,1,2,2,1
The Psychedelic Furs,Talk Talk Talk,17/12/2024,2,1,2,2
Snoop Dogg,Doggystyle,18/12/2024,1,1,1,1
Les Rythmes Digitales,Darkdancer,19/12/2024,2,1,2,3
Nico,Chelsea Girl,22/12/2024,2,1,2,4
Sheryl Crow,Tuesday Night Music Club,23/12/2024,1,1,3,3
Hookworms,Microshift,24/12/2024,2,1,2,3
Rocket From The Crypt,"Scream, Dracula, Scream",25/12/2024,1,2,2,3
Venom,Black Metal,26/12/2024,1,1,1,1
Stevie Wonder,Innervisions,29/12/2024,5,4,4,5
John Mayall & The Bluesbreakers,Bluesbreakers,30/12/2024,3,3,2,2
Richard Thompson,I Want To See The Bright Lights Tonight,31/12/2024,2,2,2,4
My Bloody Valentine,Isn't Anything,01/01/2025,2,1,4,5
Grateful Dead,Live / Dead,02/01/2025,1,1,2,2
Ash,1977,05/01/2025,3,1,3,3
Big Brother & The Holding Company,Cheap Thrills,06/01/2025,3,3,2,4
Fugazi,Repeater,07/01/2025,2,2,3,2
Primal Scream,Vanishing Point,08/01/2025,3,2,3,4
The Cure,Pornography,09/01/2025,2,2,3,3
Jane's Addiction,Nothing's Shocking,12/01/2025,1,1,1,1
The Sensational Alex Harvey Band,Next,13/01/2025,2,2,1,1
Joni Mitchell,Hejira,14/01/2025,2,2,3,4
Peter Gabriel,Peter Gabriel,15/01/2025,3,2,2,2
Morrissey,You Are The Quarry,16/01/2025,4,2,2,2
Taylor Swift,1989,19/01/2025,3,1,2,3
TV On The Radio,"Desperate Youth, Blood Thirsty Babes",20/01/2025,4,1,4,4
Prefab Sprout,Steve McQueen,21/01/2025,3,2,2,2
The Byrds,Fifth Dimension,22/01/2025,2,1,3,3
King Crimson,Larks' Tongues In Aspic,23/01/2025,2,1,3,2
Joe Ely,Honky Tonk Masquerade,26/01/2025,2,1,2,1
Peter Gabriel,Peter Gabriel 3,27/01/2025,2,2,2,3
Soft Machine,Third,28/01/2025,1,1,2,2
Solomon Burke,Rock 'N Soul,29/01/2025,2,2,2,2
Air,Virgin Suicides,30/01/2025,3,2,3,4
Steely Dan,Pretzel Logic,02/02/2025,3,1,3,2
Radiohead,In Rainbows,03/02/2025,5,4,4,4
Big Star,Third/Sister Lovers,04/02/2025,3,2,2,4
The Magnetic Fields,69 Love Songs,05/02/2025,4,4,4,5
Nine Inch Nails,The Downward Spiral,06/02/2025,2,1,2,2
Marvin Gaye,Let's Get It On,09/02/2025,3,3,3,4
Maxwell,Maxwell's Urban Hang Suite,10/02/2025,2,1,2,2
Thelonious Monk,Brilliant Corners,11/02/2025,2,1,2,2
The Who,Tommy,12/02/2025,2,2,3,3
Def Leppard,Hysteria,13/02/2025,2,1,3,2
The Darkness,Permission to Land,16/02/2025,3,2,4,3
Robbie Williams,Life Thru A Lens,17/02/2025,2,2,2,2
The Cult,Electric,18/02/2025,2,1,3,3
Flamin' Groovies,Teenage Head,19/02/2025,2,3,4,4
Blur,Modern Life Is Rubbish,20/02/2025,3,1,4,4
U2,All That You Can't Leave Behind,23/02/2025,2,1,2,2
The Triffids,Calenture,24/02/2025,2,1,2,3
Willie Colón & Rubén Blades,Siembra,25/02/2025,1,2,2,2
Richard Hawley,Coles Corner,26/02/2025,4,4,4,4
Marianne Faithfull,Broken English,27/02/2025,2,1,2,4
Beatles,Abbey Road,02/03/2025,4,4,4,5
Jean-Michel Jarre,Oxygène,03/03/2025,3,4,3,4
Bruce Springsteen,Darkness on the Edge of Town,04/03/2025,2,3,3,3
Jimi Hendrix,Electric Ladyland,05/03/2025,3,3,3,4
Hüsker Dü,Warehouse: Songs And Stories,06/03/2025,3,2,3,4
The Saints,Eternally Yours,09/03/2025,3,3,4,4
Joanna Newsom,Ys,10/03/2025,2,1,2,3
Barry Adamson,Oedipus Schmoedipus,11/03/2025,4,4,3,4
Pentangle,Basket of Light,12/03/2025,2,1,2,3
Paul Simon,Paul Simon,13/03/2025,3,3,4,4
Joni Mitchell,Court And Spark,16/03/2025,2,2,3,3
The xx,I See You,17/03/2025,2,1,2,3
Depeche Mode,Violator,18/03/2025,2,2,3,3
Pavement,Slanted And Enchanted,19/03/2025,3,1,3,5
Stan Getz,Getz/Gilberto,20/03/2025,3,2,2,3
American Music Club,California,23/03/2025,2,3,3,3
Pantera,Vulgar Display Of Power,24/03/2025,1,1,1,1
Lynyrd Skynyrd,(Pronounced 'Leh-'Nérd 'Skin-'Nérd),25/03/2025,3,3,2,3
Dexys Midnight Runners,Too Rye Ay,26/03/2025,4,3,4,3
Led Zeppelin,Led Zeppelin,27/03/2025,3,3,3,3
Anthrax,Among The Living,30/03/2025,1,1,1,2
Lenny Kravitz,Let Love Rule,31/03/2025,3,2,3,3
The Stranglers,Rattus Norvegicus,01/04/2025,3,2,2,3
Japan,Quiet Life,02/04/2025,2,2,2,4
Living Colour,Vivid,03/04/2025,3,2,4,3
The Beta Band,Heroes to Zeros,06/04/2025,4,2,4,3
Dead Kennedys,Fresh Fruit for Rotting Vegetables,07/04/2025,2,3,2,4
Jimi Hendrix,Are You Experienced,08/04/2025,2,3,4,5
Red Snapper,Our Aim Is To Satisfy,09/04/2025,4,2,4,3
N.E.R.D,Fly Or Die,10/04/2025,2,1,2,3
Public Enemy,It Takes A Nation Of Millions To Hold Us Back,13/04/2025,4,4,4,4
Slayer,Reign In Blood,14/04/2025,1,1,1,1
"The Good, The Bad & The Queen","The Good, The Bad & The Queen",15/04/2025,2,1,3,4
Red Hot Chili Peppers,Californication,16/04/2025,3,2,3,3
Tracy Chapman,Tracy Chapman,17/04/2025,5,4,4,3
Mudhoney,Superfuzz Bigmuff,20/04/2025,2,2,4,3
Barry Adamson,Moss Side Story,21/04/2025,3,3,3,4
The United States Of America,The United States Of America,22/04/2025,3,2,2,3
Drive-By Truckers,Southern Rock Opera,23/04/2025,3,1,3,4
The Beau Brummels,Triangle,24/04/2025,4,2,2,2
The Rolling Stones,Aftermath,27/04/2025,3,2,4,3
Portishead,Third,28/04/2025,2,2,2,3
Rod Stewart,Gasoline Alley,29/04/2025,2,1,2,3
The Velvet Underground,White Light / White Heat,30/04/2025,2,2,3,5
Nusrat Fateh Ali Khan,Devotional Songs,01/05/2025,1,3,2,3
Beth Orton,Central Reservation,04/05/2025,3,2,3,3
Gram Parsons,Grievous Angel,05/05/2025,2,1,3,3
Meat Puppets,Meat Puppets II,06/05/2025,2,2,3,4
Dolly Parton,Trio,07/05/2025,3,2,3,3
Badly Drawn Boy,The Hour Of Bewilderbeast,08/05/2025,4,2,3,4
M.I.A.,Kala,11/05/2025,3,2,2,3
Bill Callahan,Sometimes I Wish We Were An Eagle,12/05/2025,3,4,3,4
The Pretty Things,S.F. Sorrow,13/05/2025,2,2,3,3
The Afghan Whigs,Gentlemen,14/05/2025,3,1,3,3
Traffic,Traffic,15/05/2025,2,3,2,3
Public Image Ltd.,Metal Box,18/05/2025,2,2,3,3
Elis Regina,Vento De Maio,19/05/2025,3,2,3,3
Scritti Politti,Cupid & Psyche 85,20/05/2025,2,1,2,2
Paul McCartney,McCartney,21/05/2025,3,2,3,3
The Divine Comedy,A Short Album About Love,22/05/2025,3,1,3,2
Frank Black,Teenager Of The Year,25/05/2025,4,1,3,4
Tina Turner,Private Dancer,26/05/2025,2,1,2,1
Dr. Octagon,Dr. Octagonecologyst,27/05/2025,3,2,2,2
